Lakshman,lakshman@gmail.com,abc345$
Krish,krish@gmail.com,abc345$
Manoj,manoj@gmail.com,abc345$
Rajesh,rajeshn@gmail.com,abc345$
John,john@gmail.com,abc345$
Rani,rani@gmail.com,abc345$
Rakesh,rakesh@gmail.com,abc345$
